frame,track_id,gender,gender_p,emotion,emotion_p
1,1,female,0.9121,natural,0.6725
2,1,female,0.9121,natural,0.6725
3,1,female,0.9121,natural,0.6725
4,1,female,0.9121,natural,0.6725
5,1,female,0.9121,natural,0.6725
6,1,female,0.9121,natural,0.6725
7,1,female,0.9121,natural,0.6725
8,1,female,0.9121,natural,0.6725
9,1,female,0.9121,natural,0.6725
10,1,female,0.9121,natural,0.6725
11,1,female,0.9121,natural,0.6725
12,1,female,0.9121,natural,0.6725
13,1,female,0.9121,natural,0.6725
14,1,female,0.9121,natural,0.6725
15,1,female,0.9121,natural,0.6725
16,1,female,0.9121,natural,0.6725
17,1,female,0.9121,natural,0.6725
18,1,female,0.9121,natural,0.6725
19,1,female,0.9121,natural,0.6725
20,1,female,0.9121,natural,0.6725
21,1,female,0.9121,natural,0.6725
22,1,female,0.9121,natural,0.6725
23,1,female,0.9121,natural,0.6725
24,1,female,0.9121,natural,0.6725
25,1,female,0.9121,natural,0.6725
26,1,female,0.9121,natural,0.6725
27,1,female,0.9121,natural,0.6725
28,1,female,0.9121,natural,0.6725
29,1,female,0.9121,natural,0.6725
30,1,female,0.9121,natural,0.6725
31,1,female,0.9121,natural,0.6725
32,1,female,0.9121,natural,0.6725
33,1,female,0.9121,natural,0.6725
34,1,female,0.9121,natural,0.6725
35,1,female,0.9121,natural,0.6725
36,1,female,0.9121,natural,0.6725
37,1,female,0.9121,natural,0.6725
38,1,female,0.9121,natural,0.6725
39,1,female,0.9121,natural,0.6725
40,1,female,0.9121,natural,0.6725
41,1,female,0.9121,natural,0.6725
42,1,female,0.9121,natural,0.6725
43,1,female,0.9121,natural,0.6725
44,1,female,0.9121,natural,0.6725
45,1,female,0.9121,natural,0.6725
46,1,female,0.9121,natural,0.6725
47,1,female,0.9121,natural,0.6725
48,1,female,0.9121,natural,0.6725
49,1,female,0.9121,natural,0.6725
50,1,female,0.9121,natural,0.6725
51,1,male,0.9723,sad,0.5790
52,1,male,0.9723,sad,0.5790
53,1,male,0.9723,sad,0.5790
54,1,male,0.9723,sad,0.5790
55,1,male,0.9723,sad,0.5790
56,1,male,0.9723,sad,0.5790
57,1,male,0.9723,sad,0.5790
58,1,male,0.9723,sad,0.5790
59,1,male,0.9723,sad,0.5790
60,1,male,0.9723,sad,0.5790
61,1,male,0.9723,sad,0.5790
62,1,male,0.9723,sad,0.5790
63,1,male,0.9723,sad,0.5790
64,1,male,0.9723,sad,0.5790
65,1,male,0.9723,sad,0.5790
66,1,male,0.9723,sad,0.5790
67,1,male,0.9723,sad,0.5790
68,1,male,0.9723,sad,0.5790
69,1,male,0.9723,sad,0.5790
70,1,male,0.9723,sad,0.5790
71,1,male,0.9723,sad,0.5790
72,1,male,0.9723,sad,0.5790
73,1,male,0.9723,sad,0.5790
74,1,male,0.9723,sad,0.5790
75,1,male,0.9723,sad,0.5790
76,1,male,0.9723,sad,0.5790
77,1,male,0.9723,sad,0.5790
78,1,male,0.9723,sad,0.5790
79,1,male,0.9723,sad,0.5790
80,1,male,0.9723,sad,0.5790
81,1,male,0.9723,sad,0.5790
82,1,male,0.9723,sad,0.5790
83,1,male,0.9723,sad,0.5790
84,1,male,0.9723,sad,0.5790
85,1,male,0.9723,sad,0.5790
86,1,male,0.9723,sad,0.5790
87,1,male,0.9723,sad,0.5790
88,1,male,0.9723,sad,0.5790
89,1,male,0.9723,sad,0.5790
90,1,male,0.9723,sad,0.5790
91,1,male,0.9723,sad,0.5790
92,1,male,0.9723,sad,0.5790
93,1,male,0.9723,sad,0.5790
94,1,male,0.9723,sad,0.5790
95,1,male,0.9723,sad,0.5790
96,1,male,0.9723,sad,0.5790
97,1,male,0.9723,sad,0.5790
98,1,male,0.9723,sad,0.5790
99,1,male,0.9723,sad,0.5790
100,1,male,0.9723,sad,0.5790
101,1,male,0.7903,sad,0.5560
102,1,male,0.7903,sad,0.5560
103,1,male,0.7903,sad,0.5560
104,1,male,0.7903,sad,0.5560
105,1,male,0.7903,sad,0.5560
106,1,male,0.7903,sad,0.5560
107,1,male,0.7903,sad,0.5560
108,1,male,0.7903,sad,0.5560
109,1,male,0.7903,sad,0.5560
110,1,male,0.7903,sad,0.5560
111,1,male,0.7903,sad,0.5560
112,1,male,0.7903,sad,0.5560
113,1,male,0.7903,sad,0.5560
114,1,male,0.7903,sad,0.5560
115,1,male,0.7903,sad,0.5560
116,1,male,0.7903,sad,0.5560
117,1,male,0.7903,sad,0.5560
118,1,male,0.7903,sad,0.5560
119,1,male,0.7903,sad,0.5560
120,1,male,0.7903,sad,0.5560
121,1,male,0.7903,sad,0.5560
